<?xml version="1.0" encoding="UTF-8"?><?xml-stylesheet type='text/xsl' href='_UpgradeReport_Files/UpgradeReport.xslt'?><UpgradeLog>
<Properties><Property Name="Solution" Value="ADODOTNETDEMOS">
</Property><Property Name="Solution File" Value="D:\Nachiket\Study Materials\ADO.NET\ADO.NET DEMOS\IGATEPATNI.DEMOS.Day01\Backup\ADODOTNETDEMOS.sln">
</Property><Property Name="Date" Value="Tuesday, November 18, 2014">
</Property><Property Name="Time" Value="12:09 PM">
</Property></Properties><Event ErrorLevel="0" Project="" Source="ADODOTNETDEMOS.sln" Description="File successfully backed up as D:\Nachiket\Study Materials\ADO.NET\ADO.NET DEMOS\IGATEPATNI.DEMOS.Day01\Backup\Backup\ADODOTNETDEMOS.sln">
</Event><Event ErrorLevel="0" Project="IGATEPATNI.DEMOS.Day01" Source="IGATEPATNI.DEMOS.Day01.csproj" Description="Project file successfully backed up as D:\Nachiket\Study Materials\ADO.NET\ADO.NET DEMOS\IGATEPATNI.DEMOS.Day01\Backup\Backup\IGATEPATNI.DEMOS.Day01.csproj">
</Event><Event ErrorLevel="0" Project="IGATEPATNI.DEMOS.Day01" Source="Demo01.cs" Description="File successfully backed up as D:\Nachiket\Study Materials\ADO.NET\ADO.NET DEMOS\IGATEPATNI.DEMOS.Day01\Backup\Backup\Demo01.cs">
</Event><Event ErrorLevel="0" Project="IGATEPATNI.DEMOS.Day01" Source="Demo01.Designer.cs" Description="File successfully backed up as D:\Nachiket\Study Materials\ADO.NET\ADO.NET DEMOS\IGATEPATNI.DEMOS.Day01\Backup\Backup\Demo01.Designer.cs">
</Event><Event ErrorLevel="0" Project="IGATEPATNI.DEMOS.Day01" Source="Demo02.cs" Description="File successfully backed up as D:\Nachiket\Study Materials\ADO.NET\ADO.NET DEMOS\IGATEPATNI.DEMOS.Day01\Backup\Backup\Demo02.cs">
</Event><Event ErrorLevel="0" Project="IGATEPATNI.DEMOS.Day01" Source="Demo02.Designer.cs" Description="File successfully backed up as D:\Nachiket\Study Materials\ADO.NET\ADO.NET DEMOS\IGATEPATNI.DEMOS.Day01\Backup\Backup\Demo02.Designer.cs">
</Event><Event ErrorLevel="0" Project="IGATEPATNI.DEMOS.Day01" Source="Demo03.cs" Description="File successfully backed up as D:\Nachiket\Study Materials\ADO.NET\ADO.NET DEMOS\IGATEPATNI.DEMOS.Day01\Backup\Backup\Demo03.cs">
</Event><Event ErrorLevel="0" Project="IGATEPATNI.DEMOS.Day01" Source="Demo03.Designer.cs" Description="File successfully backed up as D:\Nachiket\Study Materials\ADO.NET\ADO.NET DEMOS\IGATEPATNI.DEMOS.Day01\Backup\Backup\Demo03.Designer.cs">
</Event><Event ErrorLevel="0" Project="IGATEPATNI.DEMOS.Day01" Source="Demo04.cs" Description="File successfully backed up as D:\Nachiket\Study Materials\ADO.NET\ADO.NET DEMOS\IGATEPATNI.DEMOS.Day01\Backup\Backup\Demo04.cs">
</Event><Event ErrorLevel="0" Project="IGATEPATNI.DEMOS.Day01" Source="Demo04.Designer.cs" Description="File successfully backed up as D:\Nachiket\Study Materials\ADO.NET\ADO.NET DEMOS\IGATEPATNI.DEMOS.Day01\Backup\Backup\Demo04.Designer.cs">
</Event><Event ErrorLevel="0" Project="IGATEPATNI.DEMOS.Day01" Source="Program.cs" Description="File successfully backed up as D:\Nachiket\Study Materials\ADO.NET\ADO.NET DEMOS\IGATEPATNI.DEMOS.Day01\Backup\Backup\Program.cs">
</Event><Event ErrorLevel="0" Project="IGATEPATNI.DEMOS.Day01" Source="Properties\AssemblyInfo.cs" Description="File successfully backed up as D:\Nachiket\Study Materials\ADO.NET\ADO.NET DEMOS\IGATEPATNI.DEMOS.Day01\Backup\Backup\Properties\AssemblyInfo.cs">
</Event><Event ErrorLevel="0" Project="IGATEPATNI.DEMOS.Day01" Source="Properties\Resources.Designer.cs" Description="File successfully backed up as D:\Nachiket\Study Materials\ADO.NET\ADO.NET DEMOS\IGATEPATNI.DEMOS.Day01\Backup\Backup\Properties\Resources.Designer.cs">
</Event><Event ErrorLevel="0" Project="IGATEPATNI.DEMOS.Day01" Source="Properties\Settings.Designer.cs" Description="File successfully backed up as D:\Nachiket\Study Materials\ADO.NET\ADO.NET DEMOS\IGATEPATNI.DEMOS.Day01\Backup\Backup\Properties\Settings.Designer.cs">
</Event><Event ErrorLevel="0" Project="IGATEPATNI.DEMOS.Day01" Source="Properties\Settings.settings" Description="File successfully backed up as D:\Nachiket\Study Materials\ADO.NET\ADO.NET DEMOS\IGATEPATNI.DEMOS.Day01\Backup\Backup\Properties\Settings.settings">
</Event><Event ErrorLevel="0" Project="IGATEPATNI.DEMOS.Day01" Source="Demo01.resx" Description="File successfully backed up as D:\Nachiket\Study Materials\ADO.NET\ADO.NET DEMOS\IGATEPATNI.DEMOS.Day01\Backup\Backup\Demo01.resx">
</Event><Event ErrorLevel="0" Project="IGATEPATNI.DEMOS.Day01" Source="Demo02.resx" Description="File successfully backed up as D:\Nachiket\Study Materials\ADO.NET\ADO.NET DEMOS\IGATEPATNI.DEMOS.Day01\Backup\Backup\Demo02.resx">
</Event><Event ErrorLevel="0" Project="IGATEPATNI.DEMOS.Day01" Source="Demo03.resx" Description="File successfully backed up as D:\Nachiket\Study Materials\ADO.NET\ADO.NET DEMOS\IGATEPATNI.DEMOS.Day01\Backup\Backup\Demo03.resx">
</Event><Event ErrorLevel="0" Project="IGATEPATNI.DEMOS.Day01" Source="Demo04.resx" Description="File successfully backed up as D:\Nachiket\Study Materials\ADO.NET\ADO.NET DEMOS\IGATEPATNI.DEMOS.Day01\Backup\Backup\Demo04.resx">
</Event><Event ErrorLevel="0" Project="IGATEPATNI.DEMOS.Day01" Source="Properties\Resources.resx" Description="File successfully backed up as D:\Nachiket\Study Materials\ADO.NET\ADO.NET DEMOS\IGATEPATNI.DEMOS.Day01\Backup\Backup\Properties\Resources.resx">
</Event><Event ErrorLevel="0" Project="IGATEPATNI.DEMOS.Day01" Source="IGATEPATNI.DEMOS.Day01.csproj" Description="Project converted successfully">
</Event><Event ErrorLevel="3" Project="IGATEPATNI.DEMOS.Day01" Source="IGATEPATNI.DEMOS.Day01.csproj" Description="Converted">
</Event><Event ErrorLevel="1" Project="IGATEPATNI.DEMOS.Day02" Source="..\IGATEPATNI.DEMOS.Day02\IGATEPATNI.DEMOS.Day02.csproj" Description="Warning: The project file is being backed up to a relative path that differs from the original solution relative path.  The difference in folder hierarchy may create problems in opening or building the backed up solution and project.">
</Event><Event ErrorLevel="2" Project="IGATEPATNI.DEMOS.Day02" Source="..\IGATEPATNI.DEMOS.Day02\IGATEPATNI.DEMOS.Day02.csproj" Description="Unable to open project file to perform upgrade.  ">
</Event><Event ErrorLevel="0" Project="" Source="ADODOTNETDEMOS.sln" Description="Solution converted successfully">
</Event><Event ErrorLevel="3" Project="" Source="ADODOTNETDEMOS.sln" Description="Converted">
</Event><Event ErrorLevel="0" Project="IGATEPATNI.DEMOS.Day01" Source="IGATEPATNI.DEMOS.Day01.csproj" Description="Scan complete: Upgrade not required for project files.">
</Event></UpgradeLog>